<?xml version="1.0" encoding="UTF-8"?>
<project-private xmlns="http://www.netbeans.org/ns/project-private/1">
    <editor-bookmarks xmlns="http://www.netbeans.org/ns/editor-bookmarks/2" lastBookmarkId="0"/>
    <open-files xmlns="http://www.netbeans.org/ns/projectui-open-files/2">
        <group>
            <file>file:/C:/xampp7.2.19/htdocs/istok/application/controllers/Schedule.php</file>
            <file>file:/C:/xampp7.2.19/htdocs/istok/application/models/Model_schedule.php</file>
            <file>file:/C:/xampp7.2.19/htdocs/istok/application/views/schedule.php</file>
        </group>
    </open-files>
</project-private>
